Primer name	Sequence
Barcode-RT primer1	TCAGACGTGTGCTCTTCCGATCTAACGTGATNNNNNNNNttttttttttttttttttttttttt
Barcode-RT primer2	TCAGACGTGTGCTCTTCCGATCTAAACATCGNNNNNNNNttttttttttttttttttttttttt
Barcode-RT primer3	TCAGACGTGTGCTCTTCCGATCTATGCCTAANNNNNNNNttttttttttttttttttttttttt
Barcode-RT primer4	TCAGACGTGTGCTCTTCCGATCTAGTGGTCANNNNNNNNttttttttttttttttttttttttt
Barcode-RT primer5	TCAGACGTGTGCTCTTCCGATCTACCACTGTNNNNNNNNttttttttttttttttttttttttt
Barcode-RT primer6	TCAGACGTGTGCTCTTCCGATCTACATTGGCNNNNNNNNttttttttttttttttttttttttt
Barcode-RT primer7	TCAGACGTGTGCTCTTCCGATCTCAGATCTGNNNNNNNNttttttttttttttttttttttttt
Barcode-RT primer8	TCAGACGTGTGCTCTTCCGATCTCATCAAGTNNNNNNNNttttttttttttttttttttttttt
Barcode-RT primer9	TCAGACGTGTGCTCTTCCGATCTCGCTGATCNNNNNNNNttttttttttttttttttttttttt
Barcode-RT primer10	TCAGACGTGTGCTCTTCCGATCTACAAGCTANNNNNNNNttttttttttttttttttttttttt
Barcode-RT primer11	TCAGACGTGTGCTCTTCCGATCTCTGTAGCCNNNNNNNNttttttttttttttttttttttttt
Barcode-RT primer12	TCAGACGTGTGCTCTTCCGATCTAGTACAAGNNNNNNNNttttttttttttttttttttttttt
Barcode-RT primer13	TCAGACGTGTGCTCTTCCGATCTAACAACCANNNNNNNNttttttttttttttttttttttttt
Barcode-RT primer14	TCAGACGTGTGCTCTTCCGATCTAACCGAGANNNNNNNNttttttttttttttttttttttttt
Barcode-RT primer15	TCAGACGTGTGCTCTTCCGATCTAACGCTTANNNNNNNNttttttttttttttttttttttttt
Barcode-RT primer16	TCAGACGTGTGCTCTTCCGATCTAAGACGGANNNNNNNNttttttttttttttttttttttttt
Barcode-RT primer17	TCAGACGTGTGCTCTTCCGATCTAAGGTACANNNNNNNNttttttttttttttttttttttttt
Barcode-RT primer18	TCAGACGTGTGCTCTTCCGATCTACACAGAANNNNNNNNttttttttttttttttttttttttt
Barcode-RT primer19	TCAGACGTGTGCTCTTCCGATCTACAGCAGANNNNNNNNttttttttttttttttttttttttt
Barcode-RT primer20	TCAGACGTGTGCTCTTCCGATCTACCTCCAANNNNNNNNttttttttttttttttttttttttt
