dataset	column	example_values
highres	cell_barcode	muc9265_GAAGCCCTTCCT | muc9265_TATAATTCCCCC | muc9265_GTCTCGAGGTCC | muc9265_ATTCGCATTGTT | muc9265_TTTTCCCCTCCC | muc9265_GAAGAGGTGGCT | muc9265_TGAGAAGATGGA | muc9265_CCCTTATACATC | muc9265_AAAGGACGACAT | muc9265_GCCGGTCGACAC | muc9265_CTGTGGTATACG | muc9265_ATCTGGGTGCTA | muc9265_ACTATGCGGCAG | muc9265_ACTAGCTAGGGT | muc9265_ACTTCCGCGCAG | muc9265_TTTAGCAGGCAG | muc9265_CCTAGGTCGAGG | muc9265_CTCGAGGCCCGC | muc9265_AGGGTTTCCGGG | muc9265_ACACGCGAACGC | muc9265_CTACCTGTCACG | muc9265_CCGCTGCATTGT | muc9265_GGATCAGCTCCA | muc9265_AGCCGTGATCAG | muc9265_CCGTTAAACCCG | muc9265_CAGACGGACGTC | muc9267_CATTCCCAATGA | muc9267_AGCTGCAGTTTT | muc9267_CGTCAACAACCT | muc9267_CCCTGAAAACTC
highres	sample_id	D36-E2 | D7-E1 | D11-E2 | D9-E1 | D8-E1 | NC-E1 | D7-E2 | D3-E2 | D2-E1 | D4-E1 | D15-E2 | D11-E1 | D5-E1 | D54-E2 | D15-E1 | D36-E1 | D6-E1 | D12-E2 | D2-E2 | D10-E1 | D21-E | NC-E2 | D13-E1 | D4-E2 | D5-E2 | D8-E2 | D3-E1 | D10-E2 | D12-E1 | D9-E2
highres	time_point	day 36 | day 7 | day 11 | day 9 | day 8 | d14_PBS | day 3 | day 2 | day 4 | day 15 | day 5 | day 54 | day 6 | day 12 | day 10 | day 21 | day 13 | day 28
highres	louvain_cluster	15 | 5 | 17 | 6 | 4 | 10 | 7 | 13 | 2 | 14 | 16 | 12 | 11 | 8 | 3 | 9 | 19 | 0 | 20 | 21 | 1 | 18
highres	cell_type	Club to ciliated | Ciliated | Ciliated activated | Club | MHC-II+ Club | Club activated | Goblet | Krt8+ ADI | Mki67+ Proliferation | AT1 | AT2 activated | AT2 | Neuroendocrine | Basal
highres	meta_celltype	club cells | ciliated cells | goblet cells | Krt8 ADI | proliferation | AT1 cells | AT2 cells | neuroendocrine cells | basal cells
wholelung	cell.type	T-lymphocytes | AT2 cells | VECs | Vcam1+ VECs | Neutrophils | AM (PBS) | Cd163+/Cd11c- IMs | NK cells | B-lymphocytes | Cd163-/Cd11c+ IMs | Goblet cells | Club cells | AT1 cells | SMCs | AM (Bleo) | Ciliated cells | Ciliated cell subset | CECs | Cd103+ DCs | Fibroblasts | Mki67+/Top2a+ proliferating cells | Mesothelial cells | DCs | Ccl17+ DCs | Plasma cells | Non-classical monocytes (Ly6c2-) | Recruited macrophages | Low quality cells | Mki67+ proliferating cells | Activated AT2 cells
wholelung	metacelltype	T_cells | alv_epithelium | endothelial_cells | granulocytes | macrophages | NK_cells | B_cells | goblet_cells | club_cells | smooth_muscle_cells | ciliated_cells | dendritic_cells | fibroblasts | unassigned | mesothelia_cells | monocytes
wholelung	spline_cluster	t_cells | alv_epithelium | vec | vcam1_vec | granulocytes | am | cd163_im | nk_cells | b_cells | im | goblet_cells | club_cells | smooth_muscle_cells | mono_im | ciliated_cells | cec | cd103_dc | fibroblasts | unassigned | mesothelial_cells | dc | ccl17_dc | plasma_cells | nonclassical_mo | classical_mo | lec | fn1_mcpg
